PLAYER,YEAR,ALL_TEAM
Giannis Antetokounmpo,2018,1
Paul George,2018,1
Nikola Jokic,2018,1
James Harden,2018,1
Stephen Curry,2018,1
Kevin Durant,2018,1
Kawhi Leonard,2018,1
Joel Embiid,2018,1
Damian Lillard,2018,1
Kyrie Irving,2018,1
Blake Griffin,2018,1
LeBron James,2018,1
Rudy Gobert,2018,1
Russell Westbrook,2018,1
Kemba Walker,2018,1
LeBron James,2017,1
Kevin Durant,2017,1
Anthony Davis,2017,1
James Harden,2017,1
Damian Lillard,2017,1
LaMarcus Aldridge,2017,1
Giannis Antetokounmpo,2017,1
Joel Embiid,2017,1
DeMar DeRozan,2017,1
Russell Westbrook,2017,1
Paul George,2017,1
Jimmy Butler,2017,1
Karl-Anthony Towns,2017,1
Stephen Curry,2017,1
Victor Oladipo,2017,1
LeBron James,2016,1
Kawhi Leonard,2016,1
Anthony Davis,2016,1
James Harden,2016,1
Russell Westbrook,2016,1
Giannis Antetokounmpo,2016,1
Kevin Durant,2016,1
Rudy Gobert,2016,1
Stephen Curry,2016,1
Isaiah Thomas,2016,1
Draymond Green,2016,1
Jimmy Butler,2016,1
DeAndre Jordan,2016,1
John Wall,2016,1
DeMar DeRozan,2016,1
LeBron James,2015,1
Kawhi Leonard,2015,1
DeAndre Jordan,2015,1
Stephen Curry,2015,1
Russell Westbrook,2015,1
Kevin Durant,2015,1
Draymond Green,2015,1
DeMarcus Cousins,2015,1
Chris Paul,2015,1
Damian Lillard,2015,1
Paul George,2015,1
LaMarcus Aldridge,2015,1
Andre Drummond,2015,1
Klay Thompson,2015,1
Kyle Lowry,2015,1
LeBron James,2014,1
Anthony Davis,2014,1
Marc Gasol,2014,1
Stephen Curry,2014,1
James Harden,2014,1
LaMarcus Aldridge,2014,1
DeMarcus Cousins,2014,1
Pau Gasol,2014,1
Russell Westbrook,2014,1
Chris Paul,2014,1
Blake Griffin,2014,1
Tim Duncan,2014,1
DeAndre Jordan,2014,1
Klay Thompson,2014,1
Kyrie Irving,2014,1
Kevin Durant,2013,1
LeBron James,2013,1
Joakim Noah,2013,1
James Harden,2013,1
Chris Paul,2013,1
Blake Griffin,2013,1
Kevin Love,2013,1
Dwight Howard,2013,1
Stephen Curry,2013,1
Tony Parker,2013,1
Paul George,2013,1
LaMarcus Aldridge,2013,1
Al Jefferson,2013,1
Goran Dragic,2013,1
Damian Lillard,2013,1
LeBron James,2012,1
Kevin Durant,2012,1
Tim Duncan,2012,1
Kobe Bryant,2012,1
Chris Paul,2012,1
Carmelo Anthony,2012,1
Blake Griffin,2012,1
Marc Gasol,2012,1
Tony Parker,2012,1
Russell Westbrook,2012,1
David Lee,2012,1
Paul George,2012,1
Dwight Howard,2012,1
Dwyane Wade,2012,1
James Harden,2012,1
Kevin Durant,2011,1
LeBron James,2011,1
Dwight Howard,2011,1
Kobe Bryant,2011,1
Derrick Rose,2011,1
Kevin Love,2011,1
Blake Griffin,2011,1
Andrew Bynum,2011,1
Tony Parker,2011,1
Russell Westbrook,2011,1
Carmelo Anthony,2011,1
Dirk Nowitzki,2011,1
Tyson Chandler,2011,1
Dwyane Wade,2011,1
Rajon Rondo,2011,1
Kevin Durant,2010,1
LeBron James,2010,1
Dwight Howard,2010,1
Kobe Bryant,2010,1
Derrick Rose,2010,1
Pau Gasol,2010,1
Dirk Nowitzki,2010,1
Amar'e Stoudemire,2010,1
Dwyane Wade,2010,1
Russell Westbrook,2010,1
LaMarcus Aldridge,2010,1
Zach Randolph,2010,1
Al Horford,2010,1
Manu Ginobili,2010,1
Chris Paul,2010,1
Kevin Durant ,2009,1
LeBron James ,2009,1
Dwight Howard ,2009,1
Kobe Bryant ,2009,1
Dwyane Wade,2009,1
Carmelo Anthony ,2009,1
Dirk Nowitzki ,2009,1
Amar'e Stoudemire ,2009,1
Steve Nash ,2009,1
Deron Williams,2009,1
Tim Duncan ,2009,1
Pau Gasol ,2009,1
Andrew Bogut ,2009,1
Joe Johnson ,2009,1
Brandon Roy,2009,1
